ALEMANIA-EXTRANJERO-DUSSELDORF
ALEMANIA-EXTRANJERO-FRANKFURT
ALEMANIA-EXTRANJERO-HAMBURGO
ALEMANIA-EXTRANJERO-MUNICH
ALEMANIA-EXTRANJERO-STUTTGART
ANGOLA-EXTRANJERO-ANGOLA
BANGLADESH-EXTRANJERO-DHAKA
BELGICA-EXTRANJERO-BELGICA
BELGICA-EXTRANJERO-BRUSELAS
BRASIL-EXTRANJERO-BRASILIA
BRASIL-EXTRANJERO-RIO DE JANEIRO
BRASIL-EXTRANJERO-SAO PAULO
COLOMBIA-EXTRANJERO-BOGOTA
COLOMBIA-EXTRANJERO-COLOMBIA
COSTA RICA-EXTRANJERO-SAN JOSE
ESLOVAQUIA (REPUBLICA DE ESLOVAQUIA)-EXTRANJERO-ESLOVAQUIA (REPUBLICA DE ESLOVAQUIA)
ESPAÑA-A CORUÑA-BETANZOS
ESPAÑA-A CORUÑA-BOIRO
ESPAÑA-A CORUÑA-CARBALLO
ESPAÑA-A CORUÑA-CORCUBION
ESPAÑA-A CORUÑA-CORUÑA, A
ESPAÑA-A CORUÑA-CULLEREDO
ESPAÑA-A CORUÑA-DUMBRIA
ESPAÑA-A CORUÑA-FERROL
ESPAÑA-A CORUÑA-FISTERRA
ESPAÑA-A CORUÑA-MELIDE
ESPAÑA-A CORUÑA-ORDES
ESPAÑA-A CORUÑA-ORTIGUEIRA
ESPAÑA-A CORUÑA-PADRON
ESPAÑA-A CORUÑA-PONTEDEUME
ESPAÑA-A CORUÑA-PONTES DE GARCIA RODRIGUEZ, AS
ESPAÑA-A CORUÑA-RIBEIRA
ESPAÑA-A CORUÑA-SANTIAGO DE COMPOSTELA
ESPAÑA-ALBACETE-ALBACETE
ESPAÑA-ALBACETE-ALCARAZ
ESPAÑA-ALBACETE-ALMANSA
ESPAÑA-ALBACETE-CASAS-IBAÑEZ
ESPAÑA-ALBACETE-CAUDETE
ESPAÑA-ALBACETE-ELCHE DE LA SIERRA
ESPAÑA-ALBACETE-FUENTE-ALAMO
ESPAÑA-ALBACETE-HELLIN
ESPAÑA-ALBACETE-OSSA DE MONTIEL
ESPAÑA-ALBACETE-RODA, LA
ESPAÑA-ALBACETE-VILLARROBLEDO
ESPAÑA-ALICANTE - ALACANT-ALACANT/ALICANTE
ESPAÑA-ALICANTE - ALACANT-ALCOY/ALCOI
ESPAÑA-ALICANTE - ALACANT-ALTEA
ESPAÑA-ALICANTE - ALACANT-BENIDORM
ESPAÑA-ALICANTE - ALACANT-CALPE/CALP
ESPAÑA-ALICANTE - ALACANT-CREVILLENT
ESPAÑA-ALICANTE - ALACANT-ELCHE/ELX
ESPAÑA-ALICANTE - ALACANT-ELDA
ESPAÑA-ALICANTE - ALACANT-GUARDAMAR DEL SEGURA
ESPAÑA-ALICANTE - ALACANT-IBI
ESPAÑA-ALICANTE - ALACANT-JIJONA/XIXONA
ESPAÑA-ALICANTE - ALACANT-NOVELDA
ESPAÑA-ALICANTE - ALACANT-ORIHUELA
ESPAÑA-ALICANTE - ALACANT-PETRER
ESPAÑA-ALICANTE - ALACANT-TORREVIEJA
ESPAÑA-ALICANTE - ALACANT-VILLAJOYOSA/VILA JOIOSA, LA
ESPAÑA-ALICANTE - ALACANT-VILLENA
ESPAÑA-ALMERIA-ADRA
ESPAÑA-ALMERIA-ALBOX
ESPAÑA-ALMERIA-ALMERIA
ESPAÑA-ALMERIA-BERJA
ESPAÑA-ALMERIA-CANJAYAR
ESPAÑA-ALMERIA-CANTORIA
ESPAÑA-ALMERIA-CARBONERAS
ESPAÑA-ALMERIA-EJIDO, EL
ESPAÑA-ALMERIA-HUERCAL-OVERA
ESPAÑA-ALMERIA-OLULA DEL RIO
ESPAÑA-ALMERIA-ROQUETAS DE MAR
ESPAÑA-ALMERIA-TABERNAS
ESPAÑA-ALMERIA-VELEZ-RUBIO
ESPAÑA-ARABA/ALAVA-LLODIO
ESPAÑA-ARABA/ALAVA-VITORIA-GASTEIZ
ESPAÑA-ASTURIAS-ALLER
ESPAÑA-ASTURIAS-AVILES
ESPAÑA-ASTURIAS-CANGAS DE ONIS
ESPAÑA-ASTURIAS-CANGAS DEL NARCEA
ESPAÑA-ASTURIAS-CASTRILLON
ESPAÑA-ASTURIAS-GIJON
ESPAÑA-ASTURIAS-GRADO
ESPAÑA-ASTURIAS-INFIESTO
ESPAÑA-ASTURIAS-LANGREO
ESPAÑA-ASTURIAS-LENA
ESPAÑA-ASTURIAS-LLANES
ESPAÑA-ASTURIAS-LUARCA
ESPAÑA-ASTURIAS-LUGONES
ESPAÑA-ASTURIAS-MIERES
ESPAÑA-ASTURIAS-NAVIA
ESPAÑA-ASTURIAS-OVIEDO
ESPAÑA-ASTURIAS-POLA DE SIERO
ESPAÑA-ASTURIAS-PRAVIA
ESPAÑA-ASTURIAS-SIERO
ESPAÑA-ASTURIAS-TEVERGA
ESPAÑA-ASTURIAS-TINEO
ESPAÑA-ASTURIAS-VEGADEO
ESPAÑA-AVILA-ARENAS DE SAN PEDRO
ESPAÑA-AVILA-AREVALO
ESPAÑA-AVILA-AVILA
ESPAÑA-AVILA-NAVALOSA
ESPAÑA-AVILA-NAVAS DEL MARQUES, LAS
ESPAÑA-AVILA-PIEDRAHITA
ESPAÑA-AVILA-TIEMBLO, EL
ESPAÑA-BADAJOZ-ALBURQUERQUE
ESPAÑA-BADAJOZ-ALMENDRALEJO
ESPAÑA-BADAJOZ-AZUAGA
ESPAÑA-BADAJOZ-BADAJOZ
ESPAÑA-BADAJOZ-BARCARROTA
ESPAÑA-BADAJOZ-CABEZA DEL BUEY
ESPAÑA-BADAJOZ-CAMPANARIO
ESPAÑA-BADAJOZ-CASTUERA
ESPAÑA-BADAJOZ-DON BENITO
ESPAÑA-BADAJOZ-FREGENAL DE LA SIERRA
ESPAÑA-BADAJOZ-FUENTE DE CANTOS
ESPAÑA-BADAJOZ-GUAREÑA
ESPAÑA-BADAJOZ-HERRERA DEL DUQUE
ESPAÑA-BADAJOZ-JEREZ DE LOS CABALLEROS
ESPAÑA-BADAJOZ-LLERENA
ESPAÑA-BADAJOZ-MERIDA
ESPAÑA-BADAJOZ-MONTIJO
ESPAÑA-BADAJOZ-NAVALVILLAR DE PELA
ESPAÑA-BADAJOZ-OLIVENZA
ESPAÑA-BADAJOZ-ORELLANA LA VIEJA
ESPAÑA-BADAJOZ-SALVATIERRA DE LOS BARROS
ESPAÑA-BADAJOZ-TALAVERA LA REAL
ESPAÑA-BADAJOZ-VILLAFRANCA DE LOS BARROS
ESPAÑA-BADAJOZ-VILLANUEVA DE LA SERENA
ESPAÑA-BADAJOZ-ZAFRA
ESPAÑA-BARCELONA-BADALONA
ESPAÑA-BARCELONA-BARBERA DEL VALLES
ESPAÑA-BARCELONA-BARCELONA
ESPAÑA-BARCELONA-BERGA
ESPAÑA-BARCELONA-CORNELLA DE LLOBREGAT
ESPAÑA-BARCELONA-ESPLUGUES DE LLOBREGAT
ESPAÑA-BARCELONA-GAVA
ESPAÑA-BARCELONA-GRANOLLERS
ESPAÑA-BARCELONA-HOSPITALET DE LLOBREGAT, L'
ESPAÑA-BARCELONA-IGUALADA
ESPAÑA-BARCELONA-MANRESA
ESPAÑA-BARCELONA-MARTORELL
ESPAÑA-BARCELONA-MATARO
ESPAÑA-BARCELONA-MOLLET DEL VALLES
ESPAÑA-BARCELONA-PINEDA DE MAR
ESPAÑA-BARCELONA-PRAT DE LLOBREGAT, EL
ESPAÑA-BARCELONA-PREMIA DE MAR
ESPAÑA-BARCELONA-RIPOLLET
ESPAÑA-BARCELONA-RUBI
ESPAÑA-BARCELONA-SABADELL
ESPAÑA-BARCELONA-SANT ADRIA DE BESOS
ESPAÑA-BARCELONA-SANT BOI DE LLOBREGAT
ESPAÑA-BARCELONA-SANT CUGAT DEL VALLES
ESPAÑA-BARCELONA-SANT FELIU DE LLOBREGAT
ESPAÑA-BARCELONA-SANT VICENC DELS HORTS
ESPAÑA-BARCELONA-SANTA COLOMA DE GRAMENET
ESPAÑA-BARCELONA-SARDANYOLA
ESPAÑA-BARCELONA-TERRASSA
ESPAÑA-BARCELONA-VIC
ESPAÑA-BARCELONA-VILADECANS
ESPAÑA-BARCELONA-VILAFRANCA DEL PENEDES
ESPAÑA-BARCELONA-VILANOVA I LA GELTRU
ESPAÑA-BIZKAIA-BARAKALDO
ESPAÑA-BIZKAIA-BASAURI
ESPAÑA-BIZKAIA-BILBAO
ESPAÑA-BIZKAIA-DURANGO
ESPAÑA-BIZKAIA-GERNIKA-LUMO
ESPAÑA-BIZKAIA-GETXO
ESPAÑA-BIZKAIA-MUNGIA
ESPAÑA-BIZKAIA-ONDARROA
ESPAÑA-BIZKAIA-SANTURTZI
ESPAÑA-BIZKAIA-SESTAO
ESPAÑA-BIZKAIA-ZALLA
ESPAÑA-BURGOS-ARANDA DE DUERO
ESPAÑA-BURGOS-BRIVIESCA
ESPAÑA-BURGOS-BURGOS
ESPAÑA-BURGOS-MELGAR DE FERNAMENTAL
ESPAÑA-BURGOS-MIRANDA DE EBRO
ESPAÑA-BURGOS-SALAS DE LOS INFANTES
ESPAÑA-BURGOS-VILLARCAYO DE MERINDAD DE CASTILLA LA VIEJA
ESPAÑA-CACERES-BROZAS
ESPAÑA-CACERES-CACERES
ESPAÑA-CACERES-CASAR DE PALOMERO
ESPAÑA-CACERES-CORIA
ESPAÑA-CACERES-CUACOS DE YUSTE
ESPAÑA-CACERES-HERVAS
ESPAÑA-CACERES-HOYOS
ESPAÑA-CACERES-JARAIZ DE LA VERA
ESPAÑA-CACERES-LOSAR DE LA VERA
ESPAÑA-CACERES-MIAJADAS
ESPAÑA-CACERES-NAVALMORAL DE LA MATA
ESPAÑA-CACERES-PINOFRANQUEADO
ESPAÑA-CACERES-PLASENCIA
ESPAÑA-CACERES-TRUJILLO
ESPAÑA-CACERES-VALENCIA DE ALCANTARA
ESPAÑA-CADIZ-ALCALA DE LOS GAZULES
ESPAÑA-CADIZ-ALCALA DEL VALLE
ESPAÑA-CADIZ-ALGECIRAS
ESPAÑA-CADIZ-ALGODONALES
ESPAÑA-CADIZ-ARCOS DE LA FRONTERA
ESPAÑA-CADIZ-BARBATE
ESPAÑA-CADIZ-BARRIOS, LOS
ESPAÑA-CADIZ-BORNOS
ESPAÑA-CADIZ-CADIZ
ESPAÑA-CADIZ-CHICLANA DE LA FRONTERA
ESPAÑA-CADIZ-CHIPIONA
ESPAÑA-CADIZ-CONIL DE LA FRONTERA
ESPAÑA-CADIZ-ESPERA
ESPAÑA-CADIZ-JEREZ DE LA FRONTERA
ESPAÑA-CADIZ-JIMENA DE LA FRONTERA
ESPAÑA-CADIZ-LINEA DE LA CONCEPCION, LA
ESPAÑA-CADIZ-MEDINA-SIDONIA
ESPAÑA-CADIZ-OLVERA
ESPAÑA-CADIZ-PUERTO DE SANTA MARIA, EL
ESPAÑA-CADIZ-PUERTO REAL
ESPAÑA-CADIZ-PUERTO SERRANO
ESPAÑA-CADIZ-ROTA
ESPAÑA-CADIZ-SAN FERNANDO
ESPAÑA-CADIZ-SAN ROQUE
ESPAÑA-CADIZ-SANLUCAR DE BARRAMEDA
ESPAÑA-CADIZ-TARIFA
ESPAÑA-CADIZ-TREBUJENA
ESPAÑA-CADIZ-UBRIQUE
ESPAÑA-CADIZ-VEJER DE LA FRONTERA
ESPAÑA-CADIZ-VILLAMARTIN
ESPAÑA-CANTABRIA-CAMARGO
ESPAÑA-CANTABRIA-CASTRO-URDIALES
ESPAÑA-CANTABRIA-COLINDRES
ESPAÑA-CANTABRIA-MALIAÑO
ESPAÑA-CANTABRIA-REINOSA
ESPAÑA-CANTABRIA-SAN VICENTE DE LA BARQUERA
ESPAÑA-CANTABRIA-SANTANDER
ESPAÑA-CANTABRIA-TORRELAVEGA
ESPAÑA-CASTELLON/CASTELLO-ALMAZORA/ALMASSORA
ESPAÑA-CASTELLON/CASTELLO-BENLLOCH
ESPAÑA-CASTELLON/CASTELLO-CASTELLON DE LA PLANA/CASTELLO DE LA PLANA
ESPAÑA-CASTELLON/CASTELLO-MONTANEJOS
ESPAÑA-CASTELLON/CASTELLO-ONDA
ESPAÑA-CASTELLON/CASTELLO-SEGORBE
ESPAÑA-CASTELLON/CASTELLO-VALL D'UIXO, LA
ESPAÑA-CASTELLON/CASTELLO-VILLARREAL/VILA-REAL
ESPAÑA-CASTELLON/CASTELLO-VINAROS
ESPAÑA-CEUTA-CEUTA
ESPAÑA-CIUDAD REAL-ALCAZAR DE SAN JUAN
ESPAÑA-CIUDAD REAL-ALMADEN
ESPAÑA-CIUDAD REAL-ALMAGRO
ESPAÑA-CIUDAD REAL-ARGAMASILLA DE ALBA
ESPAÑA-CIUDAD REAL-CIUDAD REAL
ESPAÑA-CIUDAD REAL-DAIMIEL
ESPAÑA-CIUDAD REAL-HERENCIA
ESPAÑA-CIUDAD REAL-HORCAJO DE LOS MONTES
ESPAÑA-CIUDAD REAL-MANZANARES
ESPAÑA-CIUDAD REAL-MONTIEL
ESPAÑA-CIUDAD REAL-PIEDRABUENA
ESPAÑA-CIUDAD REAL-PUEBLA DE DON RODRIGO
ESPAÑA-CIUDAD REAL-PUERTOLLANO
ESPAÑA-CIUDAD REAL-RUIDERA
ESPAÑA-CIUDAD REAL-SOLANA, LA
ESPAÑA-CIUDAD REAL-TOMELLOSO
ESPAÑA-CIUDAD REAL-VALDEPEÑAS
ESPAÑA-CIUDAD REAL-VILLANUEVA DE LOS INFANTES
ESPAÑA-CORDOBA-AGUILAR DE LA FRONTERA
ESPAÑA-CORDOBA-ALMODOVAR DEL RIO
ESPAÑA-CORDOBA-BAENA
ESPAÑA-CORDOBA-BUJALANCE
ESPAÑA-CORDOBA-CABRA
ESPAÑA-CORDOBA-CARLOTA, LA
ESPAÑA-CORDOBA-CASTRO DEL RIO
ESPAÑA-CORDOBA-CORDOBA
ESPAÑA-CORDOBA-FERNAN-NUÑEZ
ESPAÑA-CORDOBA-FUENTE OBEJUNA
ESPAÑA-CORDOBA-HINOJOSA DEL DUQUE
ESPAÑA-CORDOBA-LUCENA
ESPAÑA-CORDOBA-MONTILLA
ESPAÑA-CORDOBA-MONTORO
ESPAÑA-CORDOBA-PALMA DEL RIO
ESPAÑA-CORDOBA-PEÑARROYA-PUEBLONUEVO
ESPAÑA-CORDOBA-POSADAS
ESPAÑA-CORDOBA-POZOBLANCO
ESPAÑA-CORDOBA-PRIEGO DE CORDOBA
ESPAÑA-CORDOBA-PUENTE GENIL
ESPAÑA-CORDOBA-RAMBLA, LA
ESPAÑA-CORDOBA-RUTE
ESPAÑA-CORDOBA-VILLANUEVA DEL DUQUE
ESPAÑA-CUENCA-BELMONTE
ESPAÑA-CUENCA-CAMPILLO DE ALTOBUEY
ESPAÑA-CUENCA-CARRASCOSA
ESPAÑA-CUENCA-CAÑETE
ESPAÑA-CUENCA-CUENCA
ESPAÑA-CUENCA-FUENTES
ESPAÑA-CUENCA-MOTILLA DEL PALANCAR
ESPAÑA-CUENCA-TARANCON
ESPAÑA-CUENCA-VILLAMAYOR DE SANTIAGO
ESPAÑA-GIPUZKOA-ARRASATE O MONDRAGON
ESPAÑA-GIPUZKOA-AZPEITIA
ESPAÑA-GIPUZKOA-BEASAIN
ESPAÑA-GIPUZKOA-DONOSTIA-SAN SEBASTIAN
ESPAÑA-GIPUZKOA-EIBAR
ESPAÑA-GIPUZKOA-ERRENTERIA
ESPAÑA-GIPUZKOA-HONDARRIBIA
ESPAÑA-GIPUZKOA-IRUN
ESPAÑA-GIPUZKOA-LASARTE-ORIA
ESPAÑA-GIPUZKOA-PASAIA
ESPAÑA-GIPUZKOA-TOLOSA
ESPAÑA-GIPUZKOA-ZARAUTZ
ESPAÑA-GIPUZKOA-ZUMARRAGA
ESPAÑA-GIRONA-BISBAL D'EMPORDA, LA
ESPAÑA-GIRONA-BLANES
ESPAÑA-GIRONA-FIGUERES
ESPAÑA-GIRONA-GIRONA
ESPAÑA-GIRONA-OLOT
ESPAÑA-GIRONA-PALAMOS
ESPAÑA-GIRONA-RIPOLL
ESPAÑA-GIRONA-SALT
ESPAÑA-GIRONA-VILAMALLA
ESPAÑA-GIRONA-VILOBI D'ONYAR
ESPAÑA-GRANADA-ALBUÑOL
ESPAÑA-GRANADA-ALHAMA DE GRANADA
ESPAÑA-GRANADA-ALMUÑECAR
ESPAÑA-GRANADA-ALQUIFE
ESPAÑA-GRANADA-ARMILLA
ESPAÑA-GRANADA-BAZA
ESPAÑA-GRANADA-CHAUCHINA
ESPAÑA-GRANADA-DURCAL
ESPAÑA-GRANADA-GRANADA
ESPAÑA-GRANADA-GUADIX
ESPAÑA-GRANADA-HUESCAR
ESPAÑA-GRANADA-IZNALLOZ
ESPAÑA-GRANADA-LOJA
ESPAÑA-GRANADA-MONTEFRIO
ESPAÑA-GRANADA-MOTRIL
ESPAÑA-GRANADA-ORGIVA
ESPAÑA-GRANADA-PINOS PUENTE
ESPAÑA-GRANADA-SANTA FE
ESPAÑA-GRANADA-UGIJAR
ESPAÑA-GUADALAJARA-ATIENZA
ESPAÑA-GUADALAJARA-AZUQUECA DE HENARES
ESPAÑA-GUADALAJARA-CIFUENTES
ESPAÑA-GUADALAJARA-GUADALAJARA
ESPAÑA-GUADALAJARA-JADRAQUE
ESPAÑA-GUADALAJARA-MOLINA DE ARAGON
ESPAÑA-GUADALAJARA-PASTRANA
ESPAÑA-GUADALAJARA-SIGÜENZA
ESPAÑA-GUADALAJARA-YEBES
ESPAÑA-HUELVA-ALMONTE
ESPAÑA-HUELVA-ARACENA
ESPAÑA-HUELVA-AYAMONTE
ESPAÑA-HUELVA-CORTEGANA
ESPAÑA-HUELVA-HUELVA
ESPAÑA-HUELVA-ISLA CRISTINA
ESPAÑA-HUELVA-LEPE
ESPAÑA-HUELVA-MAZAGON
ESPAÑA-HUELVA-MOGUER
ESPAÑA-HUELVA-NERVA
ESPAÑA-HUELVA-PALMA DEL CONDADO, LA
ESPAÑA-HUELVA-PUEBLA DE GUZMAN
ESPAÑA-HUELVA-VALVERDE DEL CAMINO
ESPAÑA-HUESCA-AINSA-SOBRARBE
ESPAÑA-HUESCA-BARBASTRO
ESPAÑA-HUESCA-BENABARRE
ESPAÑA-HUESCA-BINEFAR
ESPAÑA-HUESCA-FRAGA
ESPAÑA-HUESCA-GRAUS
ESPAÑA-HUESCA-HUESCA
ESPAÑA-HUESCA-JACA
ESPAÑA-HUESCA-MONFLORITE-LASCASAS
ESPAÑA-HUESCA-MONZON
ESPAÑA-HUESCA-SABIÑANIGO
ESPAÑA-HUESCA-TARDIENTA
ESPAÑA-ILLES BALEARS-CIUTADELLA DE MENORCA
ESPAÑA-ILLES BALEARS-EIVISSA
ESPAÑA-ILLES BALEARS-ESPORLES
ESPAÑA-ILLES BALEARS-FELANITX
ESPAÑA-ILLES BALEARS-INCA
ESPAÑA-ILLES BALEARS-MAHON
ESPAÑA-ILLES BALEARS-MANACOR
ESPAÑA-ILLES BALEARS-PALMA DE MALLORCA
ESPAÑA-ILLES BALEARS-SANT JOSEP DE SA TALAIA
ESPAÑA-JAEN-ALCALA LA REAL
ESPAÑA-JAEN-ALCAUDETE
ESPAÑA-JAEN-ANDUJAR
ESPAÑA-JAEN-BAEZA
ESPAÑA-JAEN-BAILEN
ESPAÑA-JAEN-BEAS DE SEGURA
ESPAÑA-JAEN-CAMPILLO DE ARENAS
ESPAÑA-JAEN-CAROLINA, LA
ESPAÑA-JAEN-CAZORLA
ESPAÑA-JAEN-HUELMA
ESPAÑA-JAEN-JAEN
ESPAÑA-JAEN-JODAR
ESPAÑA-JAEN-LINARES
ESPAÑA-JAEN-MARTOS
ESPAÑA-JAEN-MENGIBAR
ESPAÑA-JAEN-ORCERA
ESPAÑA-JAEN-PORCUNA
ESPAÑA-JAEN-POZO ALCON
ESPAÑA-JAEN-PUERTA DE SEGURA, LA
ESPAÑA-JAEN-QUESADA
ESPAÑA-JAEN-SANTIAGO-PONTONES
ESPAÑA-JAEN-SANTISTEBAN DEL PUERTO
ESPAÑA-JAEN-TORREDONJIMENO
ESPAÑA-JAEN-UBEDA
ESPAÑA-JAEN-VILLACARRILLO
ESPAÑA-LA RIOJA-AGONCILLO
ESPAÑA-LA RIOJA-CALAHORRA
ESPAÑA-LA RIOJA-HARO
ESPAÑA-LA RIOJA-LOGROÑO
ESPAÑA-LA RIOJA-NAJERA
ESPAÑA-LAS PALMAS-ARRECIFE
ESPAÑA-LAS PALMAS-ARUCAS
ESPAÑA-LAS PALMAS-GALDAR
ESPAÑA-LAS PALMAS-LANZAROTE
ESPAÑA-LAS PALMAS-MASPALOMAS
ESPAÑA-LAS PALMAS-PALMAS DE GRAN CANARIA, LAS
ESPAÑA-LAS PALMAS-PUERTO DEL ROSARIO
ESPAÑA-LAS PALMAS-TEGUISE
ESPAÑA-LAS PALMAS-TELDE
ESPAÑA-LAS PALMAS-VECINDARIO
ESPAÑA-LEON-ASTORGA
ESPAÑA-LEON-BAÑEZA, LA
ESPAÑA-LEON-BEMBIBRE
ESPAÑA-LEON-CISTIERNA
ESPAÑA-LEON-FABERO
ESPAÑA-LEON-LEON
ESPAÑA-LEON-PONFERRADA
ESPAÑA-LEON-SAN ANDRES DEL RABANEDO
ESPAÑA-LEON-SANTA MARIA DEL PARAMO
ESPAÑA-LEON-VALENCIA DE DON JUAN
ESPAÑA-LEON-VILLABLINO
ESPAÑA-LLEIDA-BALAGUER
ESPAÑA-LLEIDA-LLEIDA
ESPAÑA-LLEIDA-POBLA DE SEGUR, LA
ESPAÑA-LLEIDA-SEU D'URGELL, LA
ESPAÑA-LLEIDA-SOLSONA
ESPAÑA-LLEIDA-TARREGA
ESPAÑA-LLEIDA-TREMP
ESPAÑA-LLEIDA-VIELHA E MIJARAN
ESPAÑA-LUGO-BECERREA
ESPAÑA-LUGO-BURELA
ESPAÑA-LUGO-CHANTADA
ESPAÑA-LUGO-FOZ
ESPAÑA-LUGO-LUGO
ESPAÑA-LUGO-MONDOÑEDO
ESPAÑA-LUGO-MONFORTE DE LEMOS
ESPAÑA-LUGO-RIBADEO
ESPAÑA-LUGO-SARRIA
ESPAÑA-LUGO-VILALBA
ESPAÑA-LUGO-VIVEIRO
ESPAÑA-MADRID-ALCALA DE HENARES
ESPAÑA-MADRID-ALCOBENDAS
ESPAÑA-MADRID-ALCORCON
ESPAÑA-MADRID-ALGETE
ESPAÑA-MADRID-ARANJUEZ
ESPAÑA-MADRID-ARGANDA DEL REY
ESPAÑA-MADRID-CERCEDILLA
ESPAÑA-MADRID-CIEMPOZUELOS
ESPAÑA-MADRID-COLLADO VILLALBA
ESPAÑA-MADRID-COLMENAR VIEJO
ESPAÑA-MADRID-COSLADA
ESPAÑA-MADRID-ESCORIAL, EL
ESPAÑA-MADRID-FUENLABRADA
ESPAÑA-MADRID-GETAFE
ESPAÑA-MADRID-LEGANES
ESPAÑA-MADRID-MADRID
ESPAÑA-MADRID-MAJADAHONDA
ESPAÑA-MADRID-MOSTOLES
ESPAÑA-MADRID-PARLA
ESPAÑA-MADRID-PINTO
ESPAÑA-MADRID-POZUELO DE ALARCON
ESPAÑA-MADRID-ROZAS DE MADRID, LAS
ESPAÑA-MADRID-SAN FERNANDO DE HENARES
ESPAÑA-MADRID-SAN LORENZO DE EL ESCORIAL
ESPAÑA-MADRID-SAN MARTIN DE LA VEGA
ESPAÑA-MADRID-SAN SEBASTIAN DE LOS REYES
ESPAÑA-MADRID-TORREJON DE ARDOZ
ESPAÑA-MADRID-TRES CANTOS
ESPAÑA-MADRID-VALDEOLMOS-ALALPARDO
ESPAÑA-MADRID-VILLAREJO DE SALVANES
ESPAÑA-MALAGA-ALORA
ESPAÑA-MALAGA-ANTEQUERA
ESPAÑA-MALAGA-ARCHIDONA
ESPAÑA-MALAGA-BENALMADENA
ESPAÑA-MALAGA-CAMPILLOS
ESPAÑA-MALAGA-COIN
ESPAÑA-MALAGA-ESTEPONA
ESPAÑA-MALAGA-FUENGIROLA
ESPAÑA-MALAGA-MALAGA
ESPAÑA-MALAGA-MARBELLA
ESPAÑA-MALAGA-NERJA
ESPAÑA-MALAGA-RONDA
ESPAÑA-MALAGA-TORROX
ESPAÑA-MALAGA-VELEZ-MALAGA
ESPAÑA-MELILLA-MELILLA
ESPAÑA-MURCIA-AGUILAS
ESPAÑA-MURCIA-ALCANTARILLA
ESPAÑA-MURCIA-ALGUAZAS
ESPAÑA-MURCIA-ALHAMA DE MURCIA
ESPAÑA-MURCIA-ARCHENA
ESPAÑA-MURCIA-BULLAS
ESPAÑA-MURCIA-CALASPARRA
ESPAÑA-MURCIA-CARAVACA DE LA CRUZ
ESPAÑA-MURCIA-CARTAGENA
ESPAÑA-MURCIA-CEHEGIN
ESPAÑA-MURCIA-CIEZA
ESPAÑA-MURCIA-FORTUNA
ESPAÑA-MURCIA-GUADALUPE
ESPAÑA-MURCIA-JUMILLA
ESPAÑA-MURCIA-LORCA
ESPAÑA-MURCIA-MAZARRON
ESPAÑA-MURCIA-MOLINA DE SEGURA
ESPAÑA-MURCIA-MORATALLA
ESPAÑA-MURCIA-MULA
ESPAÑA-MURCIA-MURCIA
ESPAÑA-MURCIA-PUERTO LUMBRERAS
ESPAÑA-MURCIA-SAN JAVIER
ESPAÑA-MURCIA-SANTOMERA
ESPAÑA-MURCIA-TORRE-PACHECO
ESPAÑA-MURCIA-TOTANA
ESPAÑA-MURCIA-UNION, LA
ESPAÑA-MURCIA-YECLA
ESPAÑA-NAVARRA-ALTSASU/ALSASUA
ESPAÑA-NAVARRA-AOIZ/AGOITZ
ESPAÑA-NAVARRA-BUÑUEL
ESPAÑA-NAVARRA-DONEZTEBE/SANTESTEBAN
ESPAÑA-NAVARRA-ELORZ
ESPAÑA-NAVARRA-ESTELLA/LIZARRA
ESPAÑA-NAVARRA-LODOSA
ESPAÑA-NAVARRA-PAMPLONA/IRUÑA
ESPAÑA-NAVARRA-SANGÜESA/ZANGOZA
ESPAÑA-NAVARRA-TAFALLA
ESPAÑA-NAVARRA-TUDELA
ESPAÑA-OURENSE-BARCO DE VALDEORRAS, O
ESPAÑA-OURENSE-CARBALLIÑO, O
ESPAÑA-OURENSE-CELANOVA
ESPAÑA-OURENSE-OURENSE
ESPAÑA-OURENSE-POBRA DE TRIVES, A
ESPAÑA-OURENSE-RIBADAVIA
ESPAÑA-OURENSE-VERIN
ESPAÑA-OURENSE-VIANA DO BOLO
ESPAÑA-OURENSE-XINZO DE LIMIA
ESPAÑA-PALENCIA-AGUILAR DE CAMPOO
ESPAÑA-PALENCIA-CARRION DE LOS CONDES
ESPAÑA-PALENCIA-GUARDO
ESPAÑA-PALENCIA-PALENCIA
ESPAÑA-PALENCIA-QUINTANILLA DE ONSOÑA
ESPAÑA-PALENCIA-SALDAÑA
ESPAÑA-PALENCIA-VENTA DE BAÑOS
ESPAÑA-PONTEVEDRA-BAIONA
ESPAÑA-PONTEVEDRA-CALDAS DE REIS
ESPAÑA-PONTEVEDRA-CAMBADOS
ESPAÑA-PONTEVEDRA-CANGAS
ESPAÑA-PONTEVEDRA-CAÑIZA, A
ESPAÑA-PONTEVEDRA-ESTRADA, A
ESPAÑA-PONTEVEDRA-LALIN
ESPAÑA-PONTEVEDRA-MARIN
ESPAÑA-PONTEVEDRA-PONTEAREAS
ESPAÑA-PONTEVEDRA-PONTEVEDRA
ESPAÑA-PONTEVEDRA-PORRIÑO, O
ESPAÑA-PONTEVEDRA-REDONDELA
ESPAÑA-PONTEVEDRA-TUI
ESPAÑA-PONTEVEDRA-VIGO
ESPAÑA-PONTEVEDRA-VILAGARCIA DE AROUSA
ESPAÑA-S. C. TENERIFE-ADEJE
ESPAÑA-S. C. TENERIFE-ALAJERO
ESPAÑA-S. C. TENERIFE-CABILDO INSULAR DE LA ISLA DE LA PALMA
ESPAÑA-S. C. TENERIFE-CANDELARIA
ESPAÑA-S. C. TENERIFE-GRANADILLA DE ABONA
ESPAÑA-S. C. TENERIFE-GÜIMAR
ESPAÑA-S. C. TENERIFE-ICOD DE LOS VINOS
ESPAÑA-S. C. TENERIFE-LAGUNA, LA
ESPAÑA-S. C. TENERIFE-LLANOS DE ARIDANE, LOS
ESPAÑA-S. C. TENERIFE-LOS CRISTIANOS
ESPAÑA-S. C. TENERIFE-OROTAVA, LA
ESPAÑA-S. C. TENERIFE-PUERTO DE LA CRUZ
ESPAÑA-S. C. TENERIFE-REALEJOS, LOS
ESPAÑA-S. C. TENERIFE-SAN CRISTOBAL DE LA LAGUNA
ESPAÑA-S. C. TENERIFE-SAN SEBASTIAN DE LA GOMERA
ESPAÑA-S. C. TENERIFE-SANTA CRUZ DE LA PALMA
ESPAÑA-S. C. TENERIFE-SANTA CRUZ DE TENERIFE
ESPAÑA-S. C. TENERIFE-TACO
ESPAÑA-S. C. TENERIFE-TACORONTE
ESPAÑA-S. C. TENERIFE-VALVERDE
ESPAÑA-SALAMANCA-ALBA DE TORMES
ESPAÑA-SALAMANCA-BEJAR
ESPAÑA-SALAMANCA-CIUDAD RODRIGO
ESPAÑA-SALAMANCA-DOÑINOS DE SALAMANCA
ESPAÑA-SALAMANCA-GUIJUELO
ESPAÑA-SALAMANCA-PEÑARANDA DE BRACAMONTE
ESPAÑA-SALAMANCA-SALAMANCA
ESPAÑA-SALAMANCA-SANCTI-SPIRITUS
ESPAÑA-SALAMANCA-VILLAGONZALO DE TORMES
ESPAÑA-SALAMANCA-VITIGUDINO
ESPAÑA-SEGOVIA-CUELLAR
ESPAÑA-SEGOVIA-HONTALBILLA
ESPAÑA-SEGOVIA-PALAZUELOS DE ERESMA
ESPAÑA-SEGOVIA-SAN ILDEFONSO
ESPAÑA-SEGOVIA-SEGOVIA
ESPAÑA-SEVILLA-ALCALA DE GUADAIRA
ESPAÑA-SEVILLA-ARAHAL
ESPAÑA-SEVILLA-CABEZAS DE SAN JUAN, LAS
ESPAÑA-SEVILLA-CAMAS
ESPAÑA-SEVILLA-CANTILLANA
ESPAÑA-SEVILLA-CARMONA
ESPAÑA-SEVILLA-CONSTANTINA
ESPAÑA-SEVILLA-DOS HERMANAS
ESPAÑA-SEVILLA-ECIJA
ESPAÑA-SEVILLA-ESTEPA
ESPAÑA-SEVILLA-GERENA
ESPAÑA-SEVILLA-LEBRIJA
ESPAÑA-SEVILLA-LORA DEL RIO
ESPAÑA-SEVILLA-MAIRENA DEL ALCOR
ESPAÑA-SEVILLA-MARCHENA
ESPAÑA-SEVILLA-MORON DE LA FRONTERA
ESPAÑA-SEVILLA-OSUNA
ESPAÑA-SEVILLA-PALACIOS Y VILLAFRANCA, LOS
ESPAÑA-SEVILLA-PILAS
ESPAÑA-SEVILLA-PUEBLA DE CAZALLA, LA
ESPAÑA-SEVILLA-PUEBLA DEL RIO, LA
ESPAÑA-SEVILLA-SAN JUAN DE AZNALFARACHE
ESPAÑA-SEVILLA-SANLUCAR LA MAYOR
ESPAÑA-SEVILLA-SAUCEJO, EL
ESPAÑA-SEVILLA-SEVILLA
ESPAÑA-SEVILLA-UTRERA
ESPAÑA-SORIA-ALMAZAN
ESPAÑA-SORIA-BURGO DE OSMA-CIUDAD DE OSMA
ESPAÑA-SORIA-CUBO DE LA SOLANA
ESPAÑA-SORIA-SORIA
ESPAÑA-TARRAGONA-AMPOSTA
ESPAÑA-TARRAGONA-MORA D'EBRE
ESPAÑA-TARRAGONA-REUS
ESPAÑA-TARRAGONA-ROQUETES
ESPAÑA-TARRAGONA-TARRAGONA
ESPAÑA-TARRAGONA-TORTOSA
ESPAÑA-TARRAGONA-VALLS
ESPAÑA-TARRAGONA-VENDRELL, EL
ESPAÑA-TERUEL-ALCAÑIZ
ESPAÑA-TERUEL-ANDORRA
ESPAÑA-TERUEL-CALAMOCHA
ESPAÑA-TERUEL-MONTALBAN
ESPAÑA-TERUEL-TERUEL
ESPAÑA-TERUEL-UTRILLAS
ESPAÑA-TOLEDO-CONSUEGRA
ESPAÑA-TOLEDO-ILLESCAS
ESPAÑA-TOLEDO-MORA
ESPAÑA-TOLEDO-OCAÑA
ESPAÑA-TOLEDO-QUINTANAR DE LA ORDEN
ESPAÑA-TOLEDO-SANTA OLALLA
ESPAÑA-TOLEDO-SONSECA
ESPAÑA-TOLEDO-TALAVERA DE LA REINA
ESPAÑA-TOLEDO-TOLEDO
ESPAÑA-TOLEDO-TORRIJOS
ESPAÑA-TOLEDO-VILLACAÑAS
ESPAÑA-VALENCIA-ALAQUAS
ESPAÑA-VALENCIA-ALDAIA
ESPAÑA-VALENCIA-ALZIRA
ESPAÑA-VALENCIA-AYORA
ESPAÑA-VALENCIA-BETERA
ESPAÑA-VALENCIA-BURJASSOT
ESPAÑA-VALENCIA-CARCAIXENT
ESPAÑA-VALENCIA-CARLET
ESPAÑA-VALENCIA-CATARROJA
ESPAÑA-VALENCIA-CHELVA
ESPAÑA-VALENCIA-CHESTE
ESPAÑA-VALENCIA-CHIVA
ESPAÑA-VALENCIA-GANDIA
ESPAÑA-VALENCIA-GODELLA
ESPAÑA-VALENCIA-LLIRIA
ESPAÑA-VALENCIA-MANISES
ESPAÑA-VALENCIA-MELIANA
ESPAÑA-VALENCIA-MONSERRAT
ESPAÑA-VALENCIA-NAQUERA
ESPAÑA-VALENCIA-ONTINYENT
ESPAÑA-VALENCIA-REQUENA
ESPAÑA-VALENCIA-SAGUNTO/SAGUNT
ESPAÑA-VALENCIA-SILLA
ESPAÑA-VALENCIA-SUECA
ESPAÑA-VALENCIA-TORRENT
ESPAÑA-VALENCIA-TURIS
ESPAÑA-VALENCIA-VALENCIA
ESPAÑA-VALENCIA-XATIVA
ESPAÑA-VALLADOLID-BOECILLO
ESPAÑA-VALLADOLID-ISCAR
ESPAÑA-VALLADOLID-MAYORGA
ESPAÑA-VALLADOLID-MEDINA DE RIOSECO
ESPAÑA-VALLADOLID-MEDINA DEL CAMPO
ESPAÑA-VALLADOLID-PEÑAFIEL
ESPAÑA-VALLADOLID-TORDESILLAS
ESPAÑA-VALLADOLID-TUDELA DE DUERO
ESPAÑA-VALLADOLID-VALLADOLID
ESPAÑA-VALLADOLID-VILLALON DE CAMPOS
ESPAÑA-VALLADOLID-VILLANUBLA
ESPAÑA-ZAMORA-BENAVENTE
ESPAÑA-ZAMORA-MOMBUEY
ESPAÑA-ZAMORA-PUEBLA DE SANABRIA
ESPAÑA-ZAMORA-TORO
ESPAÑA-ZAMORA-VILLALPANDO
ESPAÑA-ZAMORA-ZAMORA
ESPAÑA-ZARAGOZA-ATECA
ESPAÑA-ZARAGOZA-CALATAYUD
ESPAÑA-ZARAGOZA-CASPE
ESPAÑA-ZARAGOZA-DAROCA
ESPAÑA-ZARAGOZA-EJEA DE LOS CABALLEROS
ESPAÑA-ZARAGOZA-SADABA
ESPAÑA-ZARAGOZA-TARAZONA
ESPAÑA-ZARAGOZA-ZARAGOZA
ESTADOS UNIDOS DE AMERICA (USA)-EXTRANJERO-WASHINGTON
ETIOPIA-EXTRANJERO-ADDIS ABEBA
FEDERACION RUSA-EXTRANJERO-FEDERACION RUSA
FRANCIA-EXTRANJERO-BURDEOS
FRANCIA-EXTRANJERO-LYON
FRANCIA-EXTRANJERO-PAU
FRANCIA-EXTRANJERO-TOULOSE
GUINEA ECUATORIAL-EXTRANJERO-GUINEA ECUATORIAL
HUNGRIA-EXTRANJERO-HUNGRIA
INDIA-EXTRANJERO-MUMBAI
ISLANDIA-EXTRANJERO-REIKIAVIK
ITALIA-EXTRANJERO-ITALIA
LUXEMBURGO-EXTRANJERO-LUXEMBURGO
MARRUECOS-EXTRANJERO-CASABLANCA
MARRUECOS-EXTRANJERO-MARRUECOS
MAURITANIA-EXTRANJERO-MAURITANIA
MYANMAR-EXTRANJERO-YANGON
NUEVA ZELANDA-EXTRANJERO-WELLINGTON
PAISES BAJOS-EXTRANJERO-AMSTERDAM
PAISES BAJOS-EXTRANJERO-LA HAYA
PAKISTAN-EXTRANJERO-ISLAMABAD
PERU-EXTRANJERO-PERU
PORTUGAL-EXTRANJERO-PONTA DELGADA (ISLA SAN MIGUEL)
Puesto que quinto.1 de situaciones específico, A.R A REGULARIZAR CUANDO QUEDE VACANTE ATC A TERMINO. CONSOLIDACION DE EMPLEO C06 CONOCIMIENTO DE IDIOMAS C09 CONOCIMIENTO EN INTERPRETACION DE LENGUAS C10 CONOCIMIENTO EN TRADUCCION DE LENGUAS END PUESTO DE SUSTITUCION DE EXPERTO NACIONAL DESTACADO FC1 PODRA SER OCUPADO POR PERSONAL DE FUERZAS Y CUERPOS S. ESTAD FEI FRANCES E INGLES H.E HORARIO ESPECIAL H.T HORARIO TARDE I INGLES OCG OFERTA DE EMPLEO PUBLICO PARA CUERPOS GENERALES PCG PUESTOS PROMOCION CUERPOS GENERALES PCI PUESTOS COBERTURA POR FUNCIONARIOS INTERINOS PPA PUESTO PROVISIONALMENTE ASIGNADO RSE REINGRESO DESDE SERVICIOS ESPECIALES TPM TITULO/ CAPACIT. FUNCIONES PREVENTIVAS NIVEL INTERMEDIO TPS TITULO/ CAPACIT. la Resolución de la Secretaría de Estado para la Administración Pública, de 10 de marzo de 2003, por la que se aprueban las de jornada y horario para el personal civil de la Administración General del Estado. De la cuantía total del complemento corresponde a este prestación la cantidad de 3.300 Euros anuales
REPUBLICA CHECA-EXTRANJERO-REPUBLICA CHECA
RUMANIA-EXTRANJERO-RUMANIA
SUIZA-EXTRANJERO-GINEBRA
SUIZA-EXTRANJERO-ZURICH
